{"test_accuracy":0.09674280633529027,"epoch":9,"loss":0.0922822505235672,"accuracy":0.9798994974874372,"train_accuracy":0.9974874371859297,"_runtime":27.8486779,"_step":529,"test_loss":97.07602339181285,"train_loss":0.005955127797698459,"_timestamp":1.7347023634143586e+09,"_wandb":{"runtime":28}}